day,timestamp,product,bid_price_1,bid_volume_1,bid_price_2,bid_volume_2,bid_price_3,bid_volume_3,ask_price_1,ask_volume_1,ask_price_2,ask_volume_2,ask_price_3,ask_volume_3,mid_price,profit_and_loss
1,0,KELP,2032,23,,,,,2035,23,,,,,2033.5,0.0
1,100,KELP,2034,1,2033.0,2.0,2032.0,22.0,2035,22,,,,,2034.5,0.0
1,200,KELP,2032,22,,,,,2035,22,,,,,2033.5,0.0
1,300,KELP,2034,1,2032.0,26.0,,,2035,26,,,,,2034.5,0.0
1,400,KELP,2032,28,,,,,2035,28,,,,,2033.5,0.0
1,500,KELP,2032,24,,,,,2034,3,2035.0,24.0,,,2033.0,0.0
1,600,KELP,2033,5,2032.0,30.0,,,2035,30,,,,,2034.0,0.0
1,700,KELP,2032,22,,,,,2035,23,,,,,2033.5,0.0
1,800,KELP,2032,25,,,,,2033,3,2035.0,25.0,,,2032.5,0.0
1,900,KELP,2031,21,,,,,2035,21,,,,,2033.0,0.0
1,1000,KELP,2032,31,,,,,2035,31,,,,,2033.5,0.0
1,1100,KELP,2032,22,,,,,2035,22,,,,,2033.5,0.0
1,1200,KELP,2031,23,,,,,2032,1,2035.0,23.0,,,2031.5,0.0
1,1300,KELP,2031,25,,,,,2035,25,,,,,2033.0,0.0
1,1400,KELP,2031,23,,,,,2033,6,2035.0,23.0,,,2032.0,0.0
1,1500,KELP,2034,1,2032.0,1.0,2031.0,20.0,2035,21,,,,,2034.5,0.0
1,1600,KELP,2032,30,,,,,2035,30,,,,,2033.5,0.0
1,1700,KELP,2032,28,,,,,2034,8,2035.0,28.0,,,2033.0,0.0
1,1800,KELP,2033,4,2032.0,23.0,,,2035,23,,,,,2034.0,0.0
1,1900,KELP,2032,31,,,,,2035,32,,,,,2033.5,0.0
1,2000,KELP,2032,23,,,,,2035,23,,,,,2033.5,0.0
1,2100,KELP,2032,2,2031.0,26.0,,,2034,5,2035.0,28.0,,,2033.0,0.0
1,2200,KELP,2032,25,,,,,2035,21,,,,,2033.5,0.0
1,2300,KELP,2032,7,2031.0,22.0,,,2035,24,,,,,2033.5,0.0
1,2400,KELP,2031,22,,,,,2035,22,,,,,2033.0,0.0
1,2500,KELP,2032,2,2031.0,21.0,,,2035,23,,,,,2033.5,0.0
1,2600,KELP,2032,1,2031.0,29.0,,,2035,30,,,,,2033.5,0.0
1,2700,KELP,2032,9,2031.0,21.0,,,2035,23,,,,,2033.5,0.0
1,2800,KELP,2031,27,,,,,2035,27,,,,,2033.0,0.0
1,2900,KELP,2031,22,,,,,2035,22,,,,,2033.0,0.0
1,3000,KELP,2034,1,2032.0,6.0,2031.0,29.0,2035,30,,,,,2034.5,0.0
1,3100,KELP,2032,28,,,,,2035,28,,,,,2033.5,0.0
1,3200,KELP,2032,24,,,,,2033,5,2035.0,24.0,,,2032.5,0.0
1,3300,KELP,2032,25,,,,,2035,25,,,,,2033.5,0.0
1,3400,KELP,2032,29,,,,,2035,29,,,,,2033.5,0.0
1,3500,KELP,2032,26,,,,,2035,26,,,,,2033.5,0.0
1,3600,KELP,2032,27,,,,,2035,27,,,,,2033.5,0.0
1,3700,KELP,2032,25,,,,,2035,25,,,,,2033.5,0.0
1,3800,KELP,2032,24,,,,,2034,7,2035.0,24.0,,,2033.0,0.0
1,3900,KELP,2032,27,,,,,2035,26,,,,,2033.5,0.0
1,4000,KELP,2032,30,,,,,2035,31,,,,,2033.5,0.0
1,4100,KELP,2033,5,2032.0,24.0,,,2035,24,,,,,2034.0,0.0
1,4200,KELP,2032,29,,,,,2034,7,2035.0,29.0,,,2033.0,0.0
1,4300,KELP,2032,24,,,,,2035,26,,,,,2033.5,0.0
1,4400,KELP,2032,28,,,,,2035,28,,,,,2033.5,0.0
1,4500,KELP,2032,26,,,,,2034,8,2035.0,26.0,,,2033.0,0.0
1,4600,KELP,2032,21,,,,,2034,3,2035.0,21.0,,,2033.0,0.0
1,4700,KELP,2032,26,,,,,2035,26,,,,,2033.5,0.0
1,4800,KELP,2034,1,2032.0,30.0,,,2035,23,,,,,2034.5,0.0
1,4900,KELP,2032,24,,,,,2034,6,2035.0,24.0,,,2033.0,0.0
1,5000,KELP,2032,36,,,,,2035,31,,,,,2033.5,0.0
1,5100,KELP,2032,26,,,,,2035,26,,,,,2033.5,0.0
1,5200,KELP,2033,5,2032.0,31.0,,,2035,25,,,,,2034.0,0.0
1,5300,KELP,2032,22,,,,,2035,22,,,,,2033.5,0.0
1,5400,KELP,2032,30,,,,,2035,30,,,,,2033.5,0.0
1,5500,KELP,2032,21,,,,,2035,29,,,,,2033.5,0.0
1,5600,KELP,2032,25,,,,,2035,25,,,,,2033.5,0.0
1,5700,KELP,2032,34,,,,,2035,31,,,,,2033.5,0.0
1,5800,KELP,2032,30,,,,,2035,30,,,,,2033.5,0.0
1,5900,KELP,2032,23,,,,,2035,23,,,,,2033.5,0.0
1,6000,KELP,2032,30,,,,,2035,30,,,,,2033.5,0.0
1,6100,KELP,2032,25,,,,,2035,25,,,,,2033.5,0.0
1,6200,KELP,2034,1,2032.0,30.0,,,2035,30,,,,,2034.5,0.0
1,6300,KELP,2032,22,,,,,2035,22,,,,,2033.5,0.0
1,6400,KELP,2032,24,,,,,2035,24,,,,,2033.5,0.0
1,6500,KELP,2032,22,,,,,2035,22,,,,,2033.5,0.0
1,6600,KELP,2032,22,,,,,2035,29,,,,,2033.5,0.0
1,6700,KELP,2032,31,,,,,2034,7,2035.0,1.0,2036.0,30.0,2033.0,0.0
1,6800,KELP,2033,4,2032.0,31.0,,,2035,31,,,,,2034.0,0.0
1,6900,KELP,2032,29,,,,,2034,3,2035.0,29.0,,,2033.0,0.0
1,7000,KELP,2032,38,,,,,2035,31,,,,,2033.5,0.0
1,7100,KELP,2032,31,,,,,2035,31,,,,,2033.5,0.0
1,7200,KELP,2032,29,,,,,2035,23,,,,,2033.5,0.0
1,7300,KELP,2032,26,,,,,2035,26,,,,,2033.5,0.0
1,7400,KELP,2032,22,,,,,2035,22,,,,,2033.5,0.0
1,7500,KELP,2032,29,,,,,2034,3,2035.0,29.0,,,2033.0,0.0
1,7600,KELP,2032,27,,,,,2035,27,,,,,2033.5,0.0
1,7700,KELP,2032,26,,,,,2035,26,,,,,2033.5,0.0
1,7800,KELP,2032,24,,,,,2035,23,,,,,2033.5,0.0
1,7900,KELP,2032,24,,,,,2035,24,,,,,2033.5,0.0
1,8000,KELP,2034,1,2033.0,3.0,2032.0,30.0,2035,30,,,,,2034.5,0.0
1,8100,KELP,2032,25,,,,,2035,25,,,,,2033.5,0.0
1,8200,KELP,2032,27,,,,,2035,27,,,,,2033.5,0.0
1,8300,KELP,2032,28,,,,,2035,28,,,,,2033.5,0.0
1,8400,KELP,2032,29,,,,,2035,29,,,,,2033.5,0.0
1,8500,KELP,2032,35,,,,,2035,27,,,,,2033.5,0.0
1,8600,KELP,2032,29,,,,,2035,29,,,,,2033.5,0.0
1,8700,KELP,2034,1,2032.0,32.0,,,2035,24,,,,,2034.5,0.0
1,8800,KELP,2032,31,,,,,2035,1,2036.0,30.0,,,2033.5,0.0
1,8900,KELP,2032,28,,,,,2036,26,,,,,2034.0,0.0
1,9000,KELP,2032,23,,,,,2036,23,,,,,2034.0,0.0
1,9100,KELP,2033,5,2032.0,22.0,,,2036,22,,,,,2034.5,0.0
1,9200,KELP,2033,3,2032.0,27.0,,,2036,27,,,,,2034.5,0.0
1,9300,KELP,2032,30,,,,,2036,30,,,,,2034.0,0.0
1,9400,KELP,2033,3,2032.0,30.0,,,2036,30,,,,,2034.5,0.0
1,9500,KELP,2032,26,,,,,2036,26,,,,,2034.0,0.0
1,9600,KELP,2032,21,,,,,2036,21,,,,,2034.0,0.0
1,9700,KELP,2032,31,,,,,2034,10,2036.0,31.0,,,2033.0,0.0
1,9800,KELP,2032,26,,,,,2036,26,,,,,2034.0,0.0
1,9900,KELP,2032,24,,,,,2036,24,,,,,2034.0,0.0
1,10000,KELP,2032,27,,,,,2036,27,,,,,2034.0,0.0
1,10100,KELP,2033,21,,,,,2035,5,2036.0,21.0,,,2034.0,0.0
1,10200,KELP,2033,20,,,,,2036,20,,,,,2034.5,0.0
1,10300,KELP,2033,30,,,,,2036,25,,,,,2034.5,0.0
1,10400,KELP,2033,25,,,,,2036,25,,,,,2034.5,0.0
1,10500,KELP,2033,34,,,,,2036,26,,,,,2034.5,0.0
1,10600,KELP,2035,3,2033.0,20.0,,,2036,20,,,,,2035.5,0.0
1,10700,KELP,2033,31,,,,,2036,24,,,,,2034.5,0.0
1,10800,KELP,2033,29,,,,,2036,23,,,,,2034.5,0.0
1,10900,KELP,2033,23,,,,,2034,6,2036.0,23.0,,,2033.5,0.0
1,11000,KELP,2033,27,,,,,2035,2,2036.0,27.0,,,2034.0,0.0
1,11100,KELP,2033,2,2032.0,30.0,,,2036,31,,,,,2034.5,0.0
1,11200,KELP,2032,30,,,,,2034,5,2036.0,30.0,,,2033.0,0.0
1,11300,KELP,2033,2,2032.0,25.0,,,2036,27,,,,,2034.5,0.0
1,11400,KELP,2032,30,,,,,2036,30,,,,,2034.0,0.0
1,11500,KELP,2033,29,,,,,2035,5,2036.0,29.0,,,2034.0,0.0
1,11600,KELP,2033,2,2032.0,22.0,,,2035,7,2036.0,24.0,,,2034.0,0.0
1,11700,KELP,2034,4,2033.0,2.0,2032.0,20.0,2036,22,,,,,2035.0,0.0
1,11800,KELP,2033,1,2032.0,21.0,,,2036,22,,,,,2034.5,0.0
1,11900,KELP,2034,4,2032.0,23.0,,,2036,23,,,,,2035.0,0.0
1,12000,KELP,2033,1,2032.0,27.0,,,2036,28,,,,,2034.5,0.0
1,12100,KELP,2032,25,,,,,2036,25,,,,,2034.0,0.0
1,12200,KELP,2032,25,,,,,2036,25,,,,,2034.0,0.0
1,12300,KELP,2032,29,,,,,2035,25,,,,,2033.5,0.0
1,12400,KELP,2032,29,,,,,2036,29,,,,,2034.0,0.0
1,12500,KELP,2033,3,2032.0,23.0,,,2035,1,2036.0,22.0,,,2034.0,0.0
1,12600,KELP,2033,4,2032.0,26.0,,,2036,26,,,,,2034.5,0.0
1,12700,KELP,2032,28,,,,,2035,28,,,,,2033.5,0.0
1,12800,KELP,2033,4,2032.0,30.0,,,2035,2,2036.0,28.0,,,2034.0,0.0
1,12900,KELP,2032,23,,,,,2034,2,2035.0,2.0,2036.0,21.0,2033.0,0.0
1,13000,KELP,2032,32,,,,,2035,32,,,,,2033.5,0.0
1,13100,KELP,2032,21,,,,,2033,2,2036.0,21.0,,,2032.5,0.0
1,13200,KELP,2034,1,2032.0,38.0,,,2035,2,2036.0,29.0,,,2034.5,0.0
1,13300,KELP,2032,23,,,,,2035,1,2036.0,22.0,,,2033.5,0.0
1,13400,KELP,2032,26,,,,,2035,26,,,,,2033.5,0.0
1,13500,KELP,2032,25,,,,,2035,25,,,,,2033.5,0.0
1,13600,KELP,2032,26,,,,,2034,3,2035.0,26.0,,,2033.0,0.0
1,13700,KELP,2032,28,,,,,2035,28,,,,,2033.5,0.0
1,13800,KELP,2032,23,,,,,2035,23,,,,,2033.5,0.0
1,13900,KELP,2032,21,,,,,2033,3,2035.0,21.0,,,2032.5,0.0
1,14000,KELP,2032,31,,,,,2035,29,,,,,2033.5,0.0
1,14100,KELP,2032,22,,,,,2035,22,,,,,2033.5,0.0
1,14200,KELP,2032,21,,,,,2035,21,,,,,2033.5,0.0
1,14300,KELP,2032,22,,,,,2035,1,2036.0,21.0,,,2033.5,0.0
1,14400,KELP,2032,22,,,,,2036,23,,,,,2034.0,0.0
1,14500,KELP,2032,29,,,,,2034,6,2035.0,1.0,2036.0,28.0,2033.0,0.0
1,14600,KELP,2032,28,,,,,2033,3,2035.0,1.0,2036.0,27.0,2032.5,0.0
1,14700,KELP,2032,24,,,,,2034,2,2035.0,1.0,2036.0,23.0,2033.0,0.0
1,14800,KELP,2032,31,,,,,2034,3,2036.0,31.0,,,2033.0,0.0
1,14900,KELP,2034,4,2032.0,26.0,,,2035,1,2036.0,25.0,,,2034.5,0.0
1,15000,KELP,2033,4,2032.0,27.0,,,2035,2,2036.0,25.0,,,2034.0,0.0
1,15100,KELP,2032,21,,,,,2035,1,2036.0,20.0,,,2033.5,0.0
1,15200,KELP,2033,8,2032.0,23.0,,,2035,2,2036.0,21.0,,,2034.0,0.0
1,15300,KELP,2032,24,,,,,2034,6,2035.0,2.0,2036.0,22.0,2033.0,0.0
1,15400,KELP,2032,30,,,,,2036,30,,,,,2034.0,0.0
1,15500,KELP,2032,25,,,,,2036,25,,,,,2034.0,0.0
1,15600,KELP,2032,23,,,,,2036,23,,,,,2034.0,0.0
1,15700,KELP,2033,2,2032.0,28.0,,,2034,1,2036.0,30.0,,,2033.5,0.0
1,15800,KELP,2033,6,2032.0,26.0,,,2036,28,,,,,2034.5,0.0
1,15900,KELP,2032,21,,,,,2033,3,2036.0,21.0,,,2032.5,0.0
1,16000,KELP,2032,22,,,,,2034,4,2036.0,22.0,,,2033.0,0.0
1,16100,KELP,2032,26,,,,,2033,1,2034.0,8.0,2036.0,27.0,2032.5,0.0
1,16200,KELP,2032,26,,,,,2036,27,,,,,2034.0,0.0
1,16300,KELP,2032,22,,,,,2035,22,,,,,2033.5,0.0
1,16400,KELP,2032,27,,,,,2034,7,2036.0,27.0,,,2033.0,0.0
1,16500,KELP,2032,22,,,,,2035,1,2036.0,22.0,,,2033.5,0.0
1,16600,KELP,2033,7,2032.0,26.0,,,2036,26,,,,,2034.5,0.0
1,16700,KELP,2032,25,,,,,2036,25,,,,,2034.0,0.0
1,16800,KELP,2034,2,2033.0,27.0,,,2036,27,,,,,2035.0,0.0
1,16900,KELP,2033,2,2032.0,22.0,,,2036,24,,,,,2034.5,0.0
1,17000,KELP,2033,2,2032.0,25.0,,,2036,26,,,,,2034.5,0.0
1,17100,KELP,2033,1,2032.0,26.0,,,2036,27,,,,,2034.5,0.0
1,17200,KELP,2033,33,,,,,2036,28,,,,,2034.5,0.0
1,17300,KELP,2033,28,,,,,2035,6,2036.0,28.0,,,2034.0,0.0
1,17400,KELP,2034,3,2033.0,27.0,,,2036,25,,,,,2035.0,0.0
1,17500,KELP,2033,28,,,,,2036,28,,,,,2034.5,0.0
1,17600,KELP,2033,33,,,,,2036,30,,,,,2034.5,0.0
1,17700,KELP,2033,22,,,,,2036,22,,,,,2034.5,0.0
1,17800,KELP,2033,32,,,,,2035,5,2036.0,32.0,,,2034.0,0.0
1,17900,KELP,2035,1,2034.0,2.0,2033.0,21.0,2036,21,,,,,2035.5,0.0
1,18000,KELP,2033,24,,,,,2036,24,,,,,2034.5,0.0
1,18100,KELP,2033,30,,,,,2036,30,,,,,2034.5,0.0
1,18200,KELP,2033,25,,,,,2036,25,,,,,2034.5,0.0
1,18300,KELP,2033,20,,,,,2036,20,,,,,2034.5,0.0
1,18400,KELP,2035,1,2033.0,22.0,,,2036,22,,,,,2035.5,0.0
1,18500,KELP,2033,22,,,,,2036,23,,,,,2034.5,0.0
1,18600,KELP,2033,13,,,,,2036,22,,,,,2034.5,0.0
1,18700,KELP,2033,30,,,,,2036,30,,,,,2034.5,0.0
1,18800,KELP,2033,24,,,,,2036,24,,,,,2034.5,0.0
1,18900,KELP,2033,32,,,,,2036,25,,,,,2034.5,0.0
1,19000,KELP,2033,31,,,,,2036,31,,,,,2034.5,0.0
1,19100,KELP,2033,23,,,,,2036,23,,,,,2034.5,0.0
1,19200,KELP,2033,26,,,,,2036,26,,,,,2034.5,0.0
1,19300,KELP,2033,25,,,,,2036,25,,,,,2034.5,0.0
1,19400,KELP,2033,26,,,,,2036,26,,,,,2034.5,0.0
1,19500,KELP,2033,23,,,,,2036,23,,,,,2034.5,0.0
1,19600,KELP,2033,27,,,,,2036,27,,,,,2034.5,0.0
1,19700,KELP,2033,31,,,,,2036,31,,,,,2034.5,0.0
1,19800,KELP,2033,28,,,,,2036,28,,,,,2034.5,0.0
1,19900,KELP,2033,23,,,,,2036,23,,,,,2034.5,0.0
1,20000,KELP,2033,26,,,,,2035,4,2036.0,26.0,,,2034.0,0.0
1,20100,KELP,2033,30,,,,,2035,4,2036.0,30.0,,,2034.0,0.0
1,20200,KELP,2033,20,,,,,2036,20,,,,,2034.5,0.0
1,20300,KELP,2033,24,,,,,2036,24,,,,,2034.5,0.0
1,20400,KELP,2033,25,,,,,2036,28,,,,,2034.5,0.0
1,20500,KELP,2033,18,,,,,2036,26,,,,,2034.5,0.0
1,20600,KELP,2033,25,,,,,2036,25,,,,,2034.5,0.0
1,20700,KELP,2034,2,2033.0,33.0,,,2036,30,,,,,2035.0,0.0
1,20800,KELP,2033,26,,,,,2036,26,,,,,2034.5,0.0
1,20900,KELP,2033,30,,,,,2036,31,,,,,2034.5,0.0
1,21000,KELP,2033,26,,,,,2036,26,,,,,2034.5,0.0
1,21100,KELP,2033,28,,,,,2034,2,2036.0,28.0,,,2033.5,0.0
1,21200,KELP,2035,1,2033.0,29.0,,,2036,29,,,,,2035.5,0.0
1,21300,KELP,2033,22,,,,,2035,2,2036.0,22.0,,,2034.0,0.0
1,21400,KELP,2033,30,,,,,2036,30,,,,,2034.5,0.0
1,21500,KELP,2032,28,,,,,2033,5,2036.0,30.0,,,2032.5,0.0
1,21600,KELP,2033,2,2032.0,20.0,,,2036,22,,,,,2034.5,0.0
1,21700,KELP,2033,6,2032.0,25.0,,,2036,27,,,,,2034.5,0.0
1,21800,KELP,2033,1,2032.0,25.0,,,2036,26,,,,,2034.5,0.0
1,21900,KELP,2032,27,,,,,2036,27,,,,,2034.0,0.0
1,22000,KELP,2033,22,,,,,2036,22,,,,,2034.5,0.0
1,22100,KELP,2032,22,,,,,2034,4,2036.0,22.0,,,2033.0,0.0
1,22200,KELP,2033,3,2032.0,23.0,,,2036,23,,,,,2034.5,0.0
1,22300,KELP,2033,30,,,,,2036,30,,,,,2034.5,0.0
1,22400,KELP,2033,24,,,,,2036,24,,,,,2034.5,0.0
1,22500,KELP,2035,1,2032.0,27.0,,,2036,27,,,,,2035.5,0.0
1,22600,KELP,2035,1,2034.0,4.0,2033.0,30.0,2036,26,,,,,2035.5,0.0
1,22700,KELP,2033,26,,,,,2036,26,,,,,2034.5,0.0
1,22800,KELP,2033,27,,,,,2036,27,,,,,2034.5,0.0
1,22900,KELP,2033,22,,,,,2035,4,2036.0,23.0,,,2034.0,0.0
1,23000,KELP,2035,1,2033.0,21.0,,,2036,21,,,,,2035.5,0.0
1,23100,KELP,2033,35,,,,,2036,28,,,,,2034.5,0.0
1,23200,KELP,2033,26,,,,,2036,25,,,,,2034.5,0.0
1,23300,KELP,2033,23,,,,,2036,23,,,,,2034.5,0.0
1,23400,KELP,2033,30,,,,,2036,30,,,,,2034.5,0.0
1,23500,KELP,2033,34,,,,,2036,31,,,,,2034.5,0.0
1,23600,KELP,2033,26,,,,,2036,27,,,,,2034.5,0.0
1,23700,KELP,2035,1,2033.0,21.0,,,2036,21,,,,,2035.5,0.0
1,23800,KELP,2033,22,,,,,2036,22,,,,,2034.5,0.0
1,23900,KELP,2033,27,,,,,2036,27,,,,,2034.5,0.0
1,24000,KELP,2033,35,,,,,2036,29,,,,,2034.5,0.0
1,24100,KELP,2033,22,,,,,2036,22,,,,,2034.5,0.0
1,24200,KELP,2033,24,,,,,2035,8,2036.0,24.0,,,2034.0,0.0
1,24300,KELP,2033,26,,,,,2035,5,2036.0,27.0,,,2034.0,0.0
1,24400,KELP,2033,37,,,,,2036,29,,,,,2034.5,0.0
1,24500,KELP,2033,26,,,,,2036,26,,,,,2034.5,0.0
1,24600,KELP,2033,24,,,,,2036,24,,,,,2034.5,0.0
1,24700,KELP,2033,22,,,,,2036,22,,,,,2034.5,0.0
1,24800,KELP,2033,28,,,,,2036,28,,,,,2034.5,0.0
1,24900,KELP,2033,24,,,,,2036,24,,,,,2034.5,0.0
1,25000,KELP,2033,28,,,,,2036,28,,,,,2034.5,0.0
1,25100,KELP,2033,27,,,,,2036,27,,,,,2034.5,0.0
1,25200,KELP,2033,32,,,,,2034,4,2036.0,26.0,,,2033.5,0.0
1,25300,KELP,2033,22,,,,,2036,22,,,,,2034.5,0.0
1,25400,KELP,2033,29,,,,,2036,29,,,,,2034.5,0.0
1,25500,KELP,2033,24,,,,,2035,6,2036.0,24.0,,,2034.0,0.0
1,25600,KELP,2033,24,,,,,2035,6,2036.0,24.0,,,2034.0,0.0
1,25700,KELP,2033,25,,,,,2036,25,,,,,2034.5,0.0
1,25800,KELP,2033,29,,,,,2036,29,,,,,2034.5,0.0
1,25900,KELP,2033,29,,,,,2036,29,,,,,2034.5,0.0
1,26000,KELP,2035,1,2033.0,27.0,,,2036,27,,,,,2035.5,0.0
1,26100,KELP,2035,1,2033.0,27.0,,,2036,25,,,,,2035.5,0.0
1,26200,KELP,2033,29,,,,,2036,29,,,,,2034.5,0.0
1,26300,KELP,2033,25,,,,,2036,26,,,,,2034.5,0.0
1,26400,KELP,2033,27,,,,,2036,27,,,,,2034.5,0.0
1,26500,KELP,2033,22,,,,,2036,22,,,,,2034.5,0.0
1,26600,KELP,2033,31,,,,,2036,31,,,,,2034.5,0.0
1,26700,KELP,2035,1,2033.0,34.0,,,2036,26,,,,,2035.5,0.0
1,26800,KELP,2033,20,,,,,2036,20,,,,,2034.5,0.0
1,26900,KELP,2033,22,,,,,2036,22,,,,,2034.5,0.0
1,27000,KELP,2033,27,,,,,2035,6,2036.0,27.0,,,2034.0,0.0
1,27100,KELP,2035,1,2033.0,29.0,,,2036,29,,,,,2035.5,0.0
1,27200,KELP,2035,1,2033.0,32.0,,,2036,25,,,,,2035.5,0.0
1,27300,KELP,2033,24,,,,,2036,25,,,,,2034.5,0.0
1,27400,KELP,2034,6,2033.0,23.0,,,2036,23,,,,,2035.0,0.0
1,27500,KELP,2033,30,,,,,2036,30,,,,,2034.5,0.0
1,27600,KELP,2035,1,2033.0,34.0,,,2036,28,,,,,2035.5,0.0
1,27700,KELP,2033,32,,,,,2036,32,,,,,2034.5,0.0
1,27800,KELP,2033,27,,,,,2036,22,,,,,2034.5,0.0
1,27900,KELP,2033,29,,,,,2035,8,2036.0,29.0,,,2034.0,0.0
1,28000,KELP,2033,26,,,,,2036,22,,,,,2034.5,0.0
1,28100,KELP,2033,21,,,,,2036,21,,,,,2034.5,0.0
1,28200,KELP,2033,23,,,,,2036,23,,,,,2034.5,0.0
1,28300,KELP,2033,30,,,,,2036,30,,,,,2034.5,0.0
1,28400,KELP,2033,20,,,,,2036,20,,,,,2034.5,0.0
1,28500,KELP,2033,33,,,,,2036,30,,,,,2034.5,0.0
1,28600,KELP,2033,27,,,,,2034,5,2036.0,28.0,,,2033.5,0.0
1,28700,KELP,2033,23,,,,,2036,24,,,,,2034.5,0.0
1,28800,KELP,2033,21,,,,,2036,21,,,,,2034.5,0.0
1,28900,KELP,2033,24,,,,,2036,23,,,,,2034.5,0.0
1,29000,KELP,2033,26,,,,,2036,26,,,,,2034.5,0.0
1,29100,KELP,2033,23,,,,,2036,23,,,,,2034.5,0.0
1,29200,KELP,2033,23,,,,,2036,23,,,,,2034.5,0.0
1,29300,KELP,2033,23,,,,,2036,23,,,,,2034.5,0.0
1,29400,KELP,2033,25,,,,,2036,25,,,,,2034.5,0.0
1,29500,KELP,2033,19,,,,,2036,20,,,,,2034.5,0.0
1,29600,KELP,2033,27,,,,,2034,4,2036.0,27.0,,,2033.5,0.0
1,29700,KELP,2033,23,,,,,2035,8,2036.0,23.0,,,2034.0,0.0
1,29800,KELP,2035,1,2033.0,29.0,,,2036,25,,,,,2035.5,0.0
1,29900,KELP,2033,32,,,,,2036,32,,,,,2034.5,0.0
1,30000,KELP,2033,29,,,,,2036,25,,,,,2034.5,0.0
1,30100,KELP,2033,21,,,,,2036,1,2037.0,20.0,,,2034.5,0.0
1,30200,KELP,2033,30,,,,,2036,2,2037.0,28.0,,,2034.5,0.0
1,30300,KELP,2033,31,,,,,2035,1,2036.0,2.0,2037.0,29.0,2034.0,0.0
1,30400,KELP,2035,2,2033.0,30.0,,,2037,30,,,,,2036.0,0.0
1,30500,KELP,2034,5,2033.0,30.0,,,2037,30,,,,,2035.5,0.0
1,30600,KELP,2033,32,,,,,2035,7,2036.0,2.0,2037.0,30.0,2034.0,0.0
1,30700,KELP,2033,29,,,,,2037,29,,,,,2035.0,0.0
1,30800,KELP,2033,31,,,,,2036,2,2037.0,29.0,,,2034.5,0.0
1,30900,KELP,2033,21,,,,,2035,7,2036.0,21.0,,,2034.0,0.0
1,31000,KELP,2035,6,2033.0,28.0,,,2036,28,,,,,2035.5,0.0
1,31100,KELP,2033,23,,,,,2034,9,2037.0,23.0,,,2033.5,0.0
1,31200,KELP,2033,21,,,,,2035,8,2037.0,22.0,,,2034.0,0.0
1,31300,KELP,2034,2,2033.0,20.0,,,2037,22,,,,,2035.5,0.0
1,31400,KELP,2033,22,,,,,2037,22,,,,,2035.0,0.0
1,31500,KELP,2034,1,2033.0,21.0,,,2037,22,,,,,2035.5,0.0
1,31600,KELP,2033,24,,,,,2037,24,,,,,2035.0,0.0
1,31700,KELP,2033,29,,,,,2037,29,,,,,2035.0,0.0
1,31800,KELP,2035,2,2033.0,24.0,,,2037,24,,,,,2036.0,0.0
1,31900,KELP,2034,6,2033.0,28.0,,,2037,28,,,,,2035.5,0.0
1,32000,KELP,2033,22,,,,,2037,22,,,,,2035.0,0.0
1,32100,KELP,2033,25,,,,,2037,25,,,,,2035.0,0.0
1,32200,KELP,2033,25,,,,,2036,1,2037.0,24.0,,,2034.5,0.0
1,32300,KELP,2034,3,2033.0,32.0,,,2037,32,,,,,2035.5,0.0
1,32400,KELP,2033,29,,,,,2037,29,,,,,2035.0,0.0
1,32500,KELP,2034,3,2033.0,24.0,,,2037,26,,,,,2035.5,0.0
1,32600,KELP,2034,2,2033.0,26.0,,,2037,28,,,,,2035.5,0.0
1,32700,KELP,2034,32,,,,,2037,32,,,,,2035.5,0.0
1,32800,KELP,2034,29,,,,,2037,29,,,,,2035.5,0.0
1,32900,KELP,2034,21,,,,,2037,21,,,,,2035.5,0.0
1,33000,KELP,2034,28,,,,,2036,4,2037.0,28.0,,,2035.0,0.0
1,33100,KELP,2034,1,2033.0,25.0,,,2037,26,,,,,2035.5,0.0
1,33200,KELP,2034,1,2033.0,23.0,,,2035,5,2037.0,24.0,,,2034.5,0.0
1,33300,KELP,2034,31,,,,,2037,31,,,,,2035.5,0.0
1,33400,KELP,2034,20,,,,,2036,2,2037.0,20.0,,,2035.0,0.0
1,33500,KELP,2034,2,2033.0,21.0,,,2037,23,,,,,2035.5,0.0
1,33600,KELP,2033,27,,,,,2037,27,,,,,2035.0,0.0
1,33700,KELP,2034,1,2033.0,25.0,,,2036,6,2037.0,26.0,,,2035.0,0.0
1,33800,KELP,2033,21,,,,,2037,21,,,,,2035.0,0.0
1,33900,KELP,2034,28,,,,,2037,28,,,,,2035.5,0.0
1,34000,KELP,2036,1,2034.0,2.0,2033.0,28.0,2037,30,,,,,2036.5,0.0
1,34100,KELP,2034,27,,,,,2037,27,,,,,2035.5,0.0
1,34200,KELP,2034,2,2033.0,30.0,,,2037,32,,,,,2035.5,0.0
1,34300,KELP,2034,28,,,,,2037,29,,,,,2035.5,0.0
1,34400,KELP,2034,2,2033.0,28.0,,,2037,30,,,,,2035.5,0.0
1,34500,KELP,2034,24,,,,,2037,24,,,,,2035.5,0.0
1,34600,KELP,2034,24,,,,,2037,24,,,,,2035.5,0.0
1,34700,KELP,2034,32,,,,,2037,25,,,,,2035.5,0.0
1,34800,KELP,2034,14,,,,,2037,24,,,,,2035.5,0.0
1,34900,KELP,2034,24,,,,,2037,24,,,,,2035.5,0.0
1,35000,KELP,2034,29,,,,,2037,29,,,,,2035.5,0.0
1,35100,KELP,2034,23,,,,,2037,23,,,,,2035.5,0.0
1,35200,KELP,2034,24,,,,,2036,3,2037.0,24.0,,,2035.0,0.0
1,35300,KELP,2034,31,,,,,2037,23,,,,,2035.5,0.0
1,35400,KELP,2034,27,,,,,2037,2,2038.0,25.0,,,2035.5,0.0
1,35500,KELP,2034,29,,,,,2037,29,,,,,2035.5,0.0
1,35600,KELP,2034,24,,,,,2037,24,,,,,2035.5,0.0
1,35700,KELP,2034,2,2033.0,29.0,,,2037,31,,,,,2035.5,0.0
1,35800,KELP,2034,29,,,,,2037,23,,,,,2035.5,0.0
1,35900,KELP,2034,30,,,,,2037,30,,,,,2035.5,0.0
1,36000,KELP,2034,30,,,,,2035,2,2036.0,2.0,2037.0,30.0,2034.5,0.0
1,36100,KELP,2034,23,,,,,2036,6,2037.0,23.0,,,2035.0,0.0
1,36200,KELP,2034,30,,,,,2037,30,,,,,2035.5,0.0
1,36300,KELP,2034,31,,,,,2037,31,,,,,2035.5,0.0
1,36400,KELP,2034,30,,,,,2037,29,,,,,2035.5,0.0
1,36500,KELP,2034,28,,,,,2037,29,,,,,2035.5,0.0
1,36600,KELP,2034,31,,,,,2035,2,2037.0,31.0,,,2034.5,0.0
1,36700,KELP,2034,22,,,,,2037,22,,,,,2035.5,0.0
1,36800,KELP,2034,25,,,,,2037,25,,,,,2035.5,0.0
1,36900,KELP,2034,22,,,,,2037,22,,,,,2035.5,0.0
1,37000,KELP,2034,22,,,,,2037,22,,,,,2035.5,0.0
1,37100,KELP,2035,5,2034.0,24.0,,,2037,24,,,,,2036.0,0.0
1,37200,KELP,2034,29,,,,,2037,29,,,,,2035.5,0.0
1,37300,KELP,2034,23,,,,,2036,4,2037.0,23.0,,,2035.0,0.0
1,37400,KELP,2034,26,,,,,2037,22,,,,,2035.5,0.0
1,37500,KELP,2035,5,2034.0,31.0,,,2037,31,,,,,2036.0,0.0
1,37600,KELP,2034,25,,,,,2036,5,2037.0,25.0,,,2035.0,0.0
1,37700,KELP,2034,20,,,,,2037,20,,,,,2035.5,0.0
1,37800,KELP,2034,25,,,,,2037,25,,,,,2035.5,0.0
1,37900,KELP,2034,29,,,,,2037,29,,,,,2035.5,0.0
1,38000,KELP,2034,30,,,,,2037,30,,,,,2035.5,0.0
1,38100,KELP,2034,29,,,,,2036,4,2037.0,29.0,,,2035.0,0.0
1,38200,KELP,2034,31,,,,,2037,31,,,,,2035.5,0.0
1,38300,KELP,2034,27,,,,,2037,22,,,,,2035.5,0.0
1,38400,KELP,2034,27,,,,,2037,31,,,,,2035.5,0.0
1,38500,KELP,2034,24,,,,,2037,24,,,,,2035.5,0.0
1,38600,KELP,2034,31,,,,,2037,31,,,,,2035.5,0.0
1,38700,KELP,2034,21,,,,,2037,22,,,,,2035.5,0.0
1,38800,KELP,2034,27,,,,,2036,2,2037.0,27.0,,,2035.0,0.0
1,38900,KELP,2034,25,,,,,2037,25,,,,,2035.5,0.0
1,39000,KELP,2034,24,,,,,2035,3,2036.0,6.0,2037.0,24.0,2034.5,0.0
1,39100,KELP,2034,38,,,,,2037,30,,,,,2035.5,0.0
1,39200,KELP,2034,26,,,,,2035,4,2037.0,21.0,,,2034.5,0.0
1,39300,KELP,2034,24,,,,,2037,24,,,,,2035.5,0.0
1,39400,KELP,2034,21,,,,,2038,21,,,,,2036.0,0.0
1,39500,KELP,2034,29,,,,,2036,3,2037.0,29.0,,,2035.0,0.0
1,39600,KELP,2034,31,,,,,2037,31,,,,,2035.5,0.0
1,39700,KELP,2034,29,,,,,2035,6,2037.0,30.0,,,2034.5,0.0
1,39800,KELP,2034,24,,,,,2037,24,,,,,2035.5,0.0
1,39900,KELP,2034,29,,,,,2036,7,2037.0,29.0,,,2035.0,0.0
1,40000,KELP,2034,26,,,,,2037,26,,,,,2035.5,0.0
1,40100,KELP,2034,30,,,,,2036,4,2037.0,30.0,,,2035.0,0.0
1,40200,KELP,2034,25,,,,,2037,25,,,,,2035.5,0.0
1,40300,KELP,2034,30,,,,,2037,30,,,,,2035.5,0.0
1,40400,KELP,2034,25,,,,,2037,25,,,,,2035.5,0.0
1,40500,KELP,2034,22,,,,,2037,22,,,,,2035.5,0.0
1,40600,KELP,2034,28,,,,,2037,28,,,,,2035.5,0.0
1,40700,KELP,2036,1,2034.0,36.0,,,2037,30,,,,,2036.5,0.0
1,40800,KELP,2034,21,,,,,2037,21,,,,,2035.5,0.0
1,40900,KELP,2034,28,,,,,2037,25,,,,,2035.5,0.0
1,41000,KELP,2034,1,2033.0,20.0,,,2035,2,2036.0,7.0,2037.0,21.0,2034.5,0.0
1,41100,KELP,2034,25,,,,,2037,25,,,,,2035.5,0.0
1,41200,KELP,2034,20,,,,,2037,20,,,,,2035.5,0.0
1,41300,KELP,2034,35,,,,,2037,27,,,,,2035.5,0.0
1,41400,KELP,2034,30,,,,,2037,30,,,,,2035.5,0.0
1,41500,KELP,2034,38,,,,,2037,31,,,,,2035.5,0.0
1,41600,KELP,2034,26,,,,,2037,26,,,,,2035.5,0.0
1,41700,KELP,2036,2,2034.0,23.0,,,2038,23,,,,,2037.0,0.0
1,41800,KELP,2034,21,,,,,2037,1,2038.0,21.0,,,2035.5,0.0
1,41900,KELP,2034,28,,,,,2038,28,,,,,2036.0,0.0
1,42000,KELP,2034,28,,,,,2037,1,2038.0,27.0,,,2035.5,0.0
1,42100,KELP,2035,7,2034.0,22.0,,,2038,22,,,,,2036.5,0.0
1,42200,KELP,2034,22,,,,,2038,22,,,,,2036.0,0.0
1,42300,KELP,2034,22,,,,,2038,22,,,,,2036.0,0.0
1,42400,KELP,2034,28,,,,,2037,2,2038.0,26.0,,,2035.5,0.0
1,42500,KELP,2034,24,,,,,2036,2,2038.0,24.0,,,2035.0,0.0
1,42600,KELP,2036,1,2034.0,28.0,,,2038,28,,,,,2037.0,0.0
1,42700,KELP,2034,24,,,,,2037,1,2038.0,23.0,,,2035.5,0.0
1,42800,KELP,2034,29,,,,,2035,2,2038.0,29.0,,,2034.5,0.0
1,42900,KELP,2034,20,,,,,2038,20,,,,,2036.0,0.0
1,43000,KELP,2034,27,,,,,2037,1,2038.0,26.0,,,2035.5,0.0
1,43100,KELP,2034,25,,,,,2037,1,2038.0,24.0,,,2035.5,0.0
1,43200,KELP,2034,31,,,,,2037,2,2038.0,29.0,,,2035.5,0.0
1,43300,KELP,2036,1,2034.0,20.0,,,2038,20,,,,,2037.0,0.0
1,43400,KELP,2034,24,,,,,2038,24,,,,,2036.0,0.0
1,43500,KELP,2035,6,2034.0,25.0,,,2038,25,,,,,2036.5,0.0
1,43600,KELP,2034,22,,,,,2036,1,2038.0,22.0,,,2035.0,0.0
1,43700,KELP,2034,30,,,,,2037,1,2038.0,29.0,,,2035.5,0.0
1,43800,KELP,2034,23,,,,,2037,1,2038.0,22.0,,,2035.5,0.0
1,43900,KELP,2034,32,,,,,2037,26,,,,,2035.5,0.0
1,44000,KELP,2034,27,,,,,2037,27,,,,,2035.5,0.0
1,44100,KELP,2034,24,,,,,2036,4,2037.0,24.0,,,2035.0,0.0
1,44200,KELP,2034,24,,,,,2037,24,,,,,2035.5,0.0
1,44300,KELP,2034,26,,,,,2037,26,,,,,2035.5,0.0
1,44400,KELP,2034,27,,,,,2037,26,,,,,2035.5,0.0
1,44500,KELP,2034,30,,,,,2037,30,,,,,2035.5,0.0
1,44600,KELP,2034,22,,,,,2037,22,,,,,2035.5,0.0
1,44700,KELP,2034,27,,,,,2036,6,2037.0,27.0,,,2035.0,0.0
1,44800,KELP,2034,25,,,,,2036,3,2037.0,25.0,,,2035.0,0.0
1,44900,KELP,2034,23,,,,,2037,23,,,,,2035.5,0.0
1,45000,KELP,2034,27,,,,,2037,28,,,,,2035.5,0.0
1,45100,KELP,2034,27,,,,,2037,27,,,,,2035.5,0.0
1,45200,KELP,2034,20,,,,,2037,21,,,,,2035.5,0.0
1,45300,KELP,2034,22,,,,,2037,23,,,,,2035.5,0.0
1,45400,KELP,2033,25,,,,,2037,25,,,,,2035.0,0.0
1,45500,KELP,2033,20,,,,,2034,2,2037.0,21.0,,,2033.5,0.0
1,45600,KELP,2034,1,2033.0,23.0,,,2035,6,2037.0,24.0,,,2034.5,0.0
1,45700,KELP,2034,2,2033.0,21.0,,,2037,23,,,,,2035.5,0.0
1,45800,KELP,2035,5,2033.0,32.0,,,2037,32,,,,,2036.0,0.0
1,45900,KELP,2033,25,,,,,2037,26,,,,,2035.0,0.0
1,46000,KELP,2033,23,,,,,2037,23,,,,,2035.0,0.0
1,46100,KELP,2034,4,2033.0,25.0,,,2037,25,,,,,2035.5,0.0
1,46200,KELP,2034,4,2033.0,24.0,,,2037,24,,,,,2035.5,0.0
1,46300,KELP,2033,28,,,,,2037,28,,,,,2035.0,0.0
1,46400,KELP,2035,1,2033.0,24.0,,,2037,24,,,,,2036.0,0.0
1,46500,KELP,2035,2,2033.0,30.0,,,2036,1,2037.0,29.0,,,2035.5,0.0
1,46600,KELP,2035,1,2034.0,4.0,2033.0,28.0,2037,28,,,,,2036.0,0.0
1,46700,KELP,2033,30,,,,,2036,30,,,,,2034.5,0.0
1,46800,KELP,2033,25,,,,,2036,25,,,,,2034.5,0.0
1,46900,KELP,2033,20,,,,,2036,30,,,,,2034.5,0.0
1,47000,KELP,2033,23,,,,,2036,1,2037.0,22.0,,,2034.5,0.0
1,47100,KELP,2033,22,,,,,2036,22,,,,,2034.5,0.0
1,47200,KELP,2035,1,2033.0,23.0,,,2036,23,,,,,2035.5,0.0
1,47300,KELP,2033,26,,,,,2036,21,,,,,2034.5,0.0
1,47400,KELP,2035,5,2033.0,22.0,,,2037,22,,,,,2036.0,0.0
1,47500,KELP,2033,22,,,,,2035,5,2036.0,22.0,,,2034.0,0.0
1,47600,KELP,2033,21,,,,,2036,21,,,,,2034.5,0.0
1,47700,KELP,2033,23,,,,,2035,4,2036.0,23.0,,,2034.0,0.0
1,47800,KELP,2033,20,,,,,2035,7,2036.0,20.0,,,2034.0,0.0
1,47900,KELP,2033,23,,,,,2036,23,,,,,2034.5,0.0
1,48000,KELP,2033,27,,,,,2036,27,,,,,2034.5,0.0
1,48100,KELP,2033,30,,,,,2035,1,2037.0,30.0,,,2034.0,0.0
1,48200,KELP,2033,28,,,,,2036,27,,,,,2034.5,0.0
1,48300,KELP,2033,21,,,,,2034,4,2036.0,21.0,,,2033.5,0.0
1,48400,KELP,2033,32,,,,,2035,6,2036.0,32.0,,,2034.0,0.0
1,48500,KELP,2033,29,,,,,2036,29,,,,,2034.5,0.0
1,48600,KELP,2033,27,,,,,2036,27,,,,,2034.5,0.0
1,48700,KELP,2033,23,,,,,2034,2,2036.0,23.0,,,2033.5,0.0
1,48800,KELP,2033,29,,,,,2036,29,,,,,2034.5,0.0
1,48900,KELP,2033,21,,,,,2036,22,,,,,2034.5,0.0
1,49000,KELP,2033,29,,,,,2036,1,2037.0,28.0,,,2034.5,0.0
1,49100,KELP,2033,30,,,,,2037,30,,,,,2035.0,0.0
1,49200,KELP,2034,1,2033.0,25.0,,,2037,26,,,,,2035.5,0.0
1,49300,KELP,2034,6,2033.0,29.0,,,2037,29,,,,,2035.5,0.0
1,49400,KELP,2034,23,,,,,2037,23,,,,,2035.5,0.0
1,49500,KELP,2034,25,,,,,2037,25,,,,,2035.5,0.0
1,49600,KELP,2034,2,2033.0,28.0,,,2035,3,2037.0,30.0,,,2034.5,0.0
1,49700,KELP,2036,1,2034.0,27.0,,,2037,21,,,,,2036.5,0.0
1,49800,KELP,2034,19,,,,,2037,20,,,,,2035.5,0.0
1,49900,KELP,2034,29,,,,,2037,24,,,,,2035.5,0.0
1,50000,KELP,2034,26,,,,,2037,26,,,,,2035.5,0.0
1,50100,KELP,2034,24,,,,,2037,24,,,,,2035.5,0.0
1,50200,KELP,2034,29,,,,,2037,29,,,,,2035.5,0.0
1,50300,KELP,2034,23,,,,,2036,4,2037.0,23.0,,,2035.0,0.0
1,50400,KELP,2034,22,,,,,2037,23,,,,,2035.5,0.0
1,50500,KELP,2035,4,2034.0,28.0,,,2037,28,,,,,2036.0,0.0
1,50600,KELP,2034,24,,,,,2035,4,2037.0,24.0,,,2034.5,0.0
1,50700,KELP,2034,20,,,,,2037,20,,,,,2035.5,0.0
1,50800,KELP,2034,28,,,,,2037,28,,,,,2035.5,0.0
1,50900,KELP,2034,29,,,,,2035,5,2037.0,30.0,,,2034.5,0.0
1,51000,KELP,2034,25,,,,,2037,25,,,,,2035.5,0.0
1,51100,KELP,2034,32,,,,,2037,29,,,,,2035.5,0.0
1,51200,KELP,2034,30,,,,,2037,30,,,,,2035.5,0.0
1,51300,KELP,2034,25,,,,,2037,25,,,,,2035.5,0.0
1,51400,KELP,2034,23,,,,,2036,5,2037.0,23.0,,,2035.0,0.0
1,51500,KELP,2034,21,,,,,2037,21,,,,,2035.5,0.0
1,51600,KELP,2036,3,2034.0,23.0,,,2037,23,,,,,2036.5,0.0
1,51700,KELP,2034,32,,,,,2037,32,,,,,2035.5,0.0
1,51800,KELP,2034,25,,,,,2037,25,,,,,2035.5,0.0
1,51900,KELP,2034,28,,,,,2037,28,,,,,2035.5,0.0
1,52000,KELP,2034,26,,,,,2035,5,2037.0,21.0,,,2034.5,0.0
1,52100,KELP,2034,1,2033.0,27.0,,,2037,28,,,,,2035.5,0.0
1,52200,KELP,2033,23,,,,,2034,1,2037.0,23.0,,,2033.5,0.0
1,52300,KELP,2033,30,,,,,2037,30,,,,,2035.0,0.0
1,52400,KELP,2034,1,2033.0,21.0,,,2035,4,2037.0,21.0,,,2034.5,0.0
1,52500,KELP,2033,27,,,,,2037,27,,,,,2035.0,0.0
1,52600,KELP,2033,31,,,,,2037,31,,,,,2035.0,0.0
1,52700,KELP,2036,1,2033.0,25.0,,,2037,25,,,,,2036.5,0.0
1,52800,KELP,2036,1,2033.0,28.0,,,2037,28,,,,,2036.5,0.0
1,52900,KELP,2033,27,,,,,2037,27,,,,,2035.0,0.0
1,53000,KELP,2033,30,,,,,2037,30,,,,,2035.0,0.0
1,53100,KELP,2033,23,,,,,2037,23,,,,,2035.0,0.0
1,53200,KELP,2036,1,2034.0,23.0,,,2037,23,,,,,2036.5,0.0
1,53300,KELP,2034,20,,,,,2037,20,,,,,2035.5,0.0
1,53400,KELP,2034,39,,,,,2037,32,,,,,2035.5,0.0
1,53500,KELP,2034,25,,,,,2036,2,2037.0,25.0,,,2035.0,0.0
1,53600,KELP,2034,23,,,,,2037,23,,,,,2035.5,0.0
1,53700,KELP,2034,24,,,,,2037,23,,,,,2035.5,0.0
1,53800,KELP,2034,29,,,,,2037,29,,,,,2035.5,0.0
1,53900,KELP,2034,26,,,,,2035,4,2037.0,26.0,,,2034.5,0.0
1,54000,KELP,2034,29,,,,,2037,22,,,,,2035.5,0.0
1,54100,KELP,2034,26,,,,,2037,22,,,,,2035.5,0.0
1,54200,KELP,2034,20,,,,,2037,21,,,,,2035.5,0.0
1,54300,KELP,2034,28,,,,,2037,28,,,,,2035.5,0.0
1,54400,KELP,2034,22,,,,,2037,22,,,,,2035.5,0.0
1,54500,KELP,2034,29,,,,,2037,29,,,,,2035.5,0.0
1,54600,KELP,2034,30,,,,,2037,30,,,,,2035.5,0.0
1,54700,KELP,2034,23,,,,,2037,23,,,,,2035.5,0.0
1,54800,KELP,2034,32,,,,,2037,25,,,,,2035.5,0.0
1,54900,KELP,2034,24,,,,,2036,1,2037.0,24.0,,,2035.0,0.0
1,55000,KELP,2034,22,,,,,2036,7,2037.0,22.0,,,2035.0,0.0
1,55100,KELP,2034,26,,,,,2037,26,,,,,2035.5,0.0
1,55200,KELP,2034,25,,,,,2037,26,,,,,2035.5,0.0
1,55300,KELP,2034,22,,,,,2036,3,2037.0,22.0,,,2035.0,0.0
1,55400,KELP,2034,33,,,,,2037,28,,,,,2035.5,0.0
1,55500,KELP,2034,24,,,,,2036,2,2037.0,24.0,,,2035.0,0.0
1,55600,KELP,2034,23,,,,,2037,23,,,,,2035.5,0.0
1,55700,KELP,2034,22,,,,,2037,22,,,,,2035.5,0.0
1,55800,KELP,2034,9,2033.0,25.0,,,2037,26,,,,,2035.5,0.0
1,55900,KELP,2035,4,2034.0,20.0,,,2037,20,,,,,2036.0,0.0
1,56000,KELP,2035,2,2034.0,25.0,,,2036,7,2037.0,25.0,,,2035.5,0.0
1,56100,KELP,2034,1,2033.0,27.0,,,2037,28,,,,,2035.5,0.0
1,56200,KELP,2034,31,,,,,2035,4,2037.0,31.0,,,2034.5,0.0
1,56300,KELP,2034,28,,,,,2037,28,,,,,2035.5,0.0
1,56400,KELP,2034,2,2033.0,27.0,,,2037,29,,,,,2035.5,0.0
1,56500,KELP,2034,21,,,,,2037,21,,,,,2035.5,0.0
1,56600,KELP,2034,30,,,,,2036,3,2037.0,30.0,,,2035.0,0.0
1,56700,KELP,2033,27,,,,,2034,2,2037.0,27.0,,,2033.5,0.0
1,56800,KELP,2034,8,2033.0,23.0,,,2037,23,,,,,2035.5,0.0
1,56900,KELP,2034,1,2033.0,20.0,,,2037,21,,,,,2035.5,0.0
1,57000,KELP,2034,2,2033.0,20.0,,,2037,22,,,,,2035.5,0.0
1,57100,KELP,2036,1,2033.0,24.0,,,2037,24,,,,,2036.5,0.0
1,57200,KELP,2034,1,2033.0,25.0,,,2037,26,,,,,2035.5,0.0
1,57300,KELP,2034,1,2033.0,30.0,,,2035,1,2037.0,31.0,,,2034.5,0.0
1,57400,KELP,2034,1,2033.0,27.0,,,2037,28,,,,,2035.5,0.0
1,57500,KELP,2034,2,2033.0,21.0,,,2037,21,,,,,2035.5,0.0
1,57600,KELP,2035,5,2034.0,2.0,2033.0,20.0,2037,22,,,,,2036.0,0.0
1,57700,KELP,2034,1,2033.0,21.0,,,2037,22,,,,,2035.5,0.0
1,57800,KELP,2034,9,2033.0,26.0,,,2037,28,,,,,2035.5,0.0
1,57900,KELP,2033,28,,,,,2034,5,2037.0,28.0,,,2033.5,0.0
1,58000,KELP,2033,28,,,,,2037,28,,,,,2035.0,0.0
1,58100,KELP,2033,20,,,,,2037,20,,,,,2035.0,0.0
1,58200,KELP,2033,29,,,,,2037,29,,,,,2035.0,0.0
1,58300,KELP,2033,30,,,,,2037,30,,,,,2035.0,0.0
1,58400,KELP,2033,25,,,,,2037,25,,,,,2035.0,0.0
1,58500,KELP,2033,22,,,,,2035,2,2037.0,22.0,,,2034.0,0.0
1,58600,KELP,2033,23,,,,,2037,23,,,,,2035.0,0.0
1,58700,KELP,2033,30,,,,,2035,4,2037.0,30.0,,,2034.0,0.0
1,58800,KELP,2034,1,2033.0,30.0,,,2035,5,2037.0,31.0,,,2034.5,0.0
1,58900,KELP,2036,1,2034.0,2.0,2033.0,23.0,2037,25,,,,,2036.5,0.0
1,59000,KELP,2034,1,2033.0,23.0,,,2037,24,,,,,2035.5,0.0
1,59100,KELP,2034,1,2033.0,20.0,,,2037,21,,,,,2035.5,0.0
1,59200,KELP,2036,10,2034.0,33.0,,,2037,25,,,,,2036.5,0.0
1,59300,KELP,2034,22,,,,,2037,22,,,,,2035.5,0.0
1,59400,KELP,2033,23,,,,,2037,23,,,,,2035.0,0.0
1,59500,KELP,2034,2,2033.0,22.0,,,2037,24,,,,,2035.5,0.0
1,59600,KELP,2034,1,2033.0,24.0,,,2037,25,,,,,2035.5,0.0
1,59700,KELP,2036,1,2034.0,26.0,,,2037,26,,,,,2036.5,0.0
1,59800,KELP,2034,24,,,,,2037,24,,,,,2035.5,0.0
1,59900,KELP,2034,25,,,,,2036,4,2037.0,25.0,,,2035.0,0.0
1,60000,KELP,2034,31,,,,,2037,26,,,,,2035.5,0.0
1,60100,KELP,2034,28,,,,,2037,28,,,,,2035.5,0.0
1,60200,KELP,2034,26,,,,,2037,26,,,,,2035.5,0.0
1,60300,KELP,2034,1,2033.0,23.0,,,2037,24,,,,,2035.5,0.0
1,60400,KELP,2034,24,,,,,2037,24,,,,,2035.5,0.0
1,60500,KELP,2033,25,,,,,2035,2,2037.0,25.0,,,2034.0,0.0
1,60600,KELP,2033,21,,,,,2037,22,,,,,2035.0,0.0
1,60700,KELP,2036,9,2033.0,24.0,,,2037,24,,,,,2036.5,0.0
1,60800,KELP,2036,1,2034.0,28.0,,,2037,28,,,,,2036.5,0.0
1,60900,KELP,2036,1,2033.0,29.0,,,2037,29,,,,,2036.5,0.0
1,61000,KELP,2034,1,2033.0,25.0,,,2037,26,,,,,2035.5,0.0
1,61100,KELP,2034,31,,,,,2037,31,,,,,2035.5,0.0
1,61200,KELP,2034,24,,,,,2037,22,,,,,2035.5,0.0
1,61300,KELP,2034,27,,,,,2037,27,,,,,2035.5,0.0
1,61400,KELP,2034,28,,,,,2037,28,,,,,2035.5,0.0
1,61500,KELP,2036,1,2034.0,22.0,,,2037,22,,,,,2036.5,0.0
1,61600,KELP,2034,28,,,,,2037,28,,,,,2035.5,0.0
1,61700,KELP,2034,23,,,,,2037,23,,,,,2035.5,0.0
1,61800,KELP,2034,25,,,,,2037,26,,,,,2035.5,0.0
1,61900,KELP,2033,28,,,,,2037,28,,,,,2035.0,0.0
1,62000,KELP,2033,24,,,,,2037,24,,,,,2035.0,0.0
1,62100,KELP,2034,2,2033.0,25.0,,,2037,27,,,,,2035.5,0.0
1,62200,KELP,2034,24,,,,,2036,1,2037.0,24.0,,,2035.0,0.0
1,62300,KELP,2033,21,,,,,2037,21,,,,,2035.0,0.0
1,62400,KELP,2034,24,,,,,2037,24,,,,,2035.5,0.0
1,62500,KELP,2034,2,2033.0,25.0,,,2037,27,,,,,2035.5,0.0
1,62600,KELP,2034,1,2033.0,21.0,,,2037,22,,,,,2035.5,0.0
1,62700,KELP,2033,25,,,,,2037,25,,,,,2035.0,0.0
1,62800,KELP,2033,22,,,,,2037,22,,,,,2035.0,0.0
1,62900,KELP,2033,22,,,,,2037,22,,,,,2035.0,0.0
1,63000,KELP,2033,30,,,,,2037,30,,,,,2035.0,0.0
1,63100,KELP,2034,30,,,,,2037,30,,,,,2035.5,0.0
1,63200,KELP,2034,1,2033.0,24.0,,,2037,25,,,,,2035.5,0.0
1,63300,KELP,2036,1,2033.0,30.0,,,2037,30,,,,,2036.5,0.0
1,63400,KELP,2034,2,2033.0,22.0,,,2037,24,,,,,2035.5,0.0
1,63500,KELP,2034,3,2033.0,28.0,,,2037,28,,,,,2035.5,0.0
1,63600,KELP,2036,1,2033.0,22.0,,,2037,22,,,,,2036.5,0.0
1,63700,KELP,2033,21,,,,,2035,12,2037.0,21.0,,,2034.0,0.0
1,63800,KELP,2034,1,2033.0,27.0,,,2037,28,,,,,2035.5,0.0
1,63900,KELP,2033,22,,,,,2035,2,2037.0,22.0,,,2034.0,0.0
1,64000,KELP,2034,2,2033.0,30.0,,,2037,30,,,,,2035.5,0.0
1,64100,KELP,2034,2,2033.0,26.0,,,2035,4,2037.0,28.0,,,2034.5,0.0
1,64200,KELP,2033,27,,,,,2037,27,,,,,2035.0,0.0
1,64300,KELP,2034,2,2033.0,22.0,,,2037,22,,,,,2035.5,0.0
1,64400,KELP,2034,4,2033.0,29.0,,,2037,29,,,,,2035.5,0.0
1,64500,KELP,2034,7,2033.0,22.0,,,2037,22,,,,,2035.5,0.0
1,64600,KELP,2033,29,,,,,2037,29,,,,,2035.0,0.0
1,64700,KELP,2033,29,,,,,2037,29,,,,,2035.0,0.0
1,64800,KELP,2033,21,,,,,2034,1,2037.0,21.0,,,2033.5,0.0
1,64900,KELP,2034,2,2033.0,30.0,,,2037,32,,,,,2035.5,0.0
1,65000,KELP,2036,1,2034.0,1.0,2033.0,26.0,2037,27,,,,,2036.5,0.0
1,65100,KELP,2034,1,2033.0,25.0,,,2037,26,,,,,2035.5,0.0
1,65200,KELP,2034,3,2033.0,28.0,,,2037,29,,,,,2035.5,0.0
1,65300,KELP,2034,29,,,,,2036,1,2037.0,29.0,,,2035.0,0.0
1,65400,KELP,2034,19,,,,,2037,21,,,,,2035.5,0.0
1,65500,KELP,2034,20,,,,,2037,20,,,,,2035.5,0.0
1,65600,KELP,2034,26,,,,,2037,20,,,,,2035.5,0.0
1,65700,KELP,2034,23,,,,,2037,24,,,,,2035.5,0.0
1,65800,KELP,2034,31,,,,,2037,30,,,,,2035.5,0.0
1,65900,KELP,2034,26,,,,,2037,26,,,,,2035.5,0.0
1,66000,KELP,2034,31,,,,,2037,25,,,,,2035.5,0.0
1,66100,KELP,2036,1,2034.0,25.0,,,2037,25,,,,,2036.5,0.0
1,66200,KELP,2035,5,2034.0,1.0,2033.0,22.0,2037,23,,,,,2036.0,0.0
1,66300,KELP,2035,3,2033.0,20.0,,,2037,20,,,,,2036.0,0.0
1,66400,KELP,2034,2,2033.0,24.0,,,2037,26,,,,,2035.5,0.0
1,66500,KELP,2036,1,2034.0,1.0,2033.0,30.0,2037,31,,,,,2036.5,0.0
1,66600,KELP,2033,31,,,,,2037,31,,,,,2035.0,0.0
1,66700,KELP,2034,5,2033.0,26.0,,,2037,26,,,,,2035.5,0.0
1,66800,KELP,2034,1,2033.0,25.0,,,2037,26,,,,,2035.5,0.0
1,66900,KELP,2034,3,2033.0,20.0,,,2037,20,,,,,2035.5,0.0
1,67000,KELP,2034,24,,,,,2037,24,,,,,2035.5,0.0
1,67100,KELP,2034,1,2033.0,25.0,,,2037,26,,,,,2035.5,0.0
1,67200,KELP,2033,23,,,,,2035,6,2037.0,23.0,,,2034.0,0.0
1,67300,KELP,2034,2,2033.0,21.0,,,2037,22,,,,,2035.5,0.0
1,67400,KELP,2034,37,,,,,2037,29,,,,,2035.5,0.0
1,67500,KELP,2033,22,,,,,2037,22,,,,,2035.0,0.0
1,67600,KELP,2034,1,2033.0,25.0,,,2037,26,,,,,2035.5,0.0
1,67700,KELP,2034,2,2033.0,21.0,,,2035,3,2037.0,23.0,,,2034.5,0.0
1,67800,KELP,2034,8,2033.0,30.0,,,2037,32,,,,,2035.5,0.0
1,67900,KELP,2034,26,,,,,2037,26,,,,,2035.5,0.0
1,68000,KELP,2036,1,2033.0,25.0,,,2037,25,,,,,2036.5,0.0
1,68100,KELP,2034,8,2033.0,26.0,,,2037,27,,,,,2035.5,0.0
1,68200,KELP,2034,1,2033.0,23.0,,,2037,24,,,,,2035.5,0.0
1,68300,KELP,2034,1,2033.0,25.0,,,2037,26,,,,,2035.5,0.0
1,68400,KELP,2034,1,2033.0,30.0,,,2037,31,,,,,2035.5,0.0
1,68500,KELP,2034,1,2033.0,22.0,,,2035,5,2037.0,23.0,,,2034.5,0.0
1,68600,KELP,2033,27,,,,,2037,27,,,,,2035.0,0.0
1,68700,KELP,2034,2,2033.0,20.0,,,2037,22,,,,,2035.5,0.0
1,68800,KELP,2034,1,2033.0,30.0,,,2035,6,2037.0,31.0,,,2034.5,0.0
1,68900,KELP,2034,25,,,,,2037,25,,,,,2035.5,0.0
1,69000,KELP,2034,28,,,,,2037,28,,,,,2035.5,0.0
1,69100,KELP,2034,27,,,,,2037,26,,,,,2035.5,0.0
1,69200,KELP,2034,1,2033.0,20.0,,,2037,21,,,,,2035.5,0.0
1,69300,KELP,2034,24,,,,,2037,24,,,,,2035.5,0.0
1,69400,KELP,2034,26,,,,,2037,22,,,,,2035.5,0.0
1,69500,KELP,2034,33,,,,,2037,31,,,,,2035.5,0.0
1,69600,KELP,2034,27,,,,,2037,27,,,,,2035.5,0.0
1,69700,KELP,2034,26,,,,,2037,26,,,,,2035.5,0.0
1,69800,KELP,2034,22,,,,,2037,23,,,,,2035.5,0.0
1,69900,KELP,2034,26,,,,,2037,26,,,,,2035.5,0.0
1,70000,KELP,2034,30,,,,,2037,30,,,,,2035.5,0.0
1,70100,KELP,2034,26,,,,,2037,27,,,,,2035.5,0.0
1,70200,KELP,2034,30,,,,,2037,30,,,,,2035.5,0.0
1,70300,KELP,2034,29,,,,,2037,25,,,,,2035.5,0.0
1,70400,KELP,2034,31,,,,,2037,31,,,,,2035.5,0.0
1,70500,KELP,2034,18,,,,,2037,21,,,,,2035.5,0.0
1,70600,KELP,2035,2,2034.0,23.0,,,2037,23,,,,,2036.0,0.0
1,70700,KELP,2034,27,,,,,2037,27,,,,,2035.5,0.0
1,70800,KELP,2034,22,,,,,2037,22,,,,,2035.5,0.0
1,70900,KELP,2034,20,,,,,2037,21,,,,,2035.5,0.0
1,71000,KELP,2034,30,,,,,2036,1,2037.0,30.0,,,2035.0,0.0
1,71100,KELP,2034,36,,,,,2037,30,,,,,2035.5,0.0
1,71200,KELP,2034,28,,,,,2037,28,,,,,2035.5,0.0
1,71300,KELP,2034,30,,,,,2036,8,2037.0,30.0,,,2035.0,0.0
1,71400,KELP,2034,27,,,,,2036,6,2037.0,27.0,,,2035.0,0.0
1,71500,KELP,2033,26,,,,,2035,5,2037.0,26.0,,,2034.0,0.0
1,71600,KELP,2033,31,,,,,2037,31,,,,,2035.0,0.0
1,71700,KELP,2033,26,,,,,2037,26,,,,,2035.0,0.0
1,71800,KELP,2033,22,,,,,2037,22,,,,,2035.0,0.0
1,71900,KELP,2033,30,,,,,2037,30,,,,,2035.0,0.0
1,72000,KELP,2033,24,,,,,2037,24,,,,,2035.0,0.0
1,72100,KELP,2033,26,,,,,2037,26,,,,,2035.0,0.0
1,72200,KELP,2033,25,,,,,2037,25,,,,,2035.0,0.0
1,72300,KELP,2033,23,,,,,2035,3,2037.0,23.0,,,2034.0,0.0
1,72400,KELP,2033,25,,,,,2037,25,,,,,2035.0,0.0
1,72500,KELP,2035,4,2033.0,22.0,,,2037,22,,,,,2036.0,0.0
1,72600,KELP,2033,28,,,,,2037,28,,,,,2035.0,0.0
1,72700,KELP,2033,28,,,,,2037,28,,,,,2035.0,0.0
1,72800,KELP,2033,29,,,,,2034,8,2037.0,29.0,,,2033.5,0.0
1,72900,KELP,2034,2,2033.0,23.0,,,2037,23,,,,,2035.5,0.0
1,73000,KELP,2033,21,,,,,2035,8,2037.0,21.0,,,2034.0,0.0
1,73100,KELP,2033,28,,,,,2035,3,2037.0,28.0,,,2034.0,0.0
1,73200,KELP,2033,24,,,,,2037,24,,,,,2035.0,0.0
1,73300,KELP,2033,25,,,,,2037,25,,,,,2035.0,0.0
1,73400,KELP,2033,30,,,,,2037,30,,,,,2035.0,0.0
1,73500,KELP,2033,25,,,,,2037,25,,,,,2035.0,0.0
1,73600,KELP,2033,30,,,,,2037,30,,,,,2035.0,0.0
1,73700,KELP,2033,25,,,,,2037,25,,,,,2035.0,0.0
1,73800,KELP,2034,1,2033.0,21.0,,,2037,22,,,,,2035.5,0.0
1,73900,KELP,2033,27,,,,,2037,27,,,,,2035.0,0.0
1,74000,KELP,2035,6,2034.0,7.0,2033.0,29.0,2037,29,,,,,2036.0,0.0
1,74100,KELP,2035,3,2034.0,1.0,2033.0,23.0,2037,24,,,,,2036.0,0.0
1,74200,KELP,2034,1,2033.0,30.0,,,2035,7,2037.0,31.0,,,2034.5,0.0
1,74300,KELP,2034,1,2033.0,26.0,,,2035,3,2037.0,27.0,,,2034.5,0.0
1,74400,KELP,2034,2,2033.0,21.0,,,2037,23,,,,,2035.5,0.0
1,74500,KELP,2036,1,2035.0,3.0,2034.0,2.0,2037,26,,,,,2036.5,0.0
1,74600,KELP,2034,30,,,,,2037,29,,,,,2035.5,0.0
1,74700,KELP,2034,27,,,,,2037,27,,,,,2035.5,0.0
1,74800,KELP,2034,27,,,,,2037,26,,,,,2035.5,0.0
1,74900,KELP,2034,28,,,,,2037,28,,,,,2035.5,0.0
1,75000,KELP,2034,22,,,,,2037,22,,,,,2035.5,0.0
1,75100,KELP,2034,28,,,,,2037,28,,,,,2035.5,0.0
1,75200,KELP,2035,7,2034.0,31.0,,,2038,31,,,,,2036.5,0.0
1,75300,KELP,2035,27,,,,,2038,27,,,,,2036.5,0.0
1,75400,KELP,2034,25,,,,,2037,25,,,,,2035.5,0.0
1,75500,KELP,2034,23,,,,,2037,23,,,,,2035.5,0.0
1,75600,KELP,2034,25,,,,,2037,25,,,,,2035.5,0.0
1,75700,KELP,2036,1,2034.0,27.0,,,2037,27,,,,,2036.5,0.0
1,75800,KELP,2036,1,2034.0,29.0,,,2037,28,,,,,2036.5,0.0
1,75900,KELP,2034,24,,,,,2036,3,2037.0,24.0,,,2035.0,0.0
1,76000,KELP,2034,34,,,,,2037,31,,,,,2035.5,0.0
1,76100,KELP,2034,28,,,,,2037,28,,,,,2035.5,0.0
1,76200,KELP,2034,28,,,,,2037,28,,,,,2035.5,0.0
1,76300,KELP,2034,22,,,,,2037,22,,,,,2035.5,0.0
1,76400,KELP,2034,36,,,,,2038,28,,,,,2036.0,0.0
1,76500,KELP,2035,2,2034.0,28.0,,,2037,28,,,,,2036.0,0.0
1,76600,KELP,2034,29,,,,,2037,29,,,,,2035.5,0.0
1,76700,KELP,2034,30,,,,,2037,31,,,,,2035.5,0.0
1,76800,KELP,2034,25,,,,,2037,25,,,,,2035.5,0.0
1,76900,KELP,2034,34,,,,,2037,29,,,,,2035.5,0.0
1,77000,KELP,2034,28,,,,,2036,4,2037.0,28.0,,,2035.0,0.0
1,77100,KELP,2036,5,2034.0,23.0,,,2038,22,,,,,2037.0,0.0
1,77200,KELP,2034,30,,,,,2037,30,,,,,2035.5,0.0
1,77300,KELP,2034,25,,,,,2037,1,2038.0,25.0,,,2035.5,0.0
1,77400,KELP,2034,29,,,,,2036,3,2037.0,29.0,,,2035.0,0.0
1,77500,KELP,2034,24,,,,,2037,24,,,,,2035.5,0.0
1,77600,KELP,2034,30,,,,,2038,30,,,,,2036.0,0.0
1,77700,KELP,2034,31,,,,,2038,31,,,,,2036.0,0.0
1,77800,KELP,2034,31,,,,,2038,31,,,,,2036.0,0.0
1,77900,KELP,2037,1,2034.0,26.0,,,2038,26,,,,,2037.5,0.0
1,78000,KELP,2035,21,,,,,2038,21,,,,,2036.5,0.0
1,78100,KELP,2035,23,,,,,2038,24,,,,,2036.5,0.0
1,78200,KELP,2037,1,2035.0,29.0,,,2038,24,,,,,2037.5,0.0
1,78300,KELP,2035,25,,,,,2038,25,,,,,2036.5,0.0
1,78400,KELP,2035,25,,,,,2038,25,,,,,2036.5,0.0
1,78500,KELP,2035,29,,,,,2038,25,,,,,2036.5,0.0
1,78600,KELP,2035,25,,,,,2037,3,2038.0,25.0,,,2036.0,0.0
1,78700,KELP,2035,26,,,,,2038,26,,,,,2036.5,0.0
1,78800,KELP,2035,29,,,,,2038,29,,,,,2036.5,0.0
1,78900,KELP,2035,26,,,,,2038,26,,,,,2036.5,0.0
1,79000,KELP,2035,29,,,,,2038,22,,,,,2036.5,0.0
1,79100,KELP,2035,20,,,,,2038,20,,,,,2036.5,0.0
1,79200,KELP,2035,26,,,,,2038,26,,,,,2036.5,0.0
1,79300,KELP,2035,26,,,,,2038,21,,,,,2036.5,0.0
1,79400,KELP,2035,33,,,,,2038,29,,,,,2036.5,0.0
1,79500,KELP,2037,7,2035.0,28.0,,,2038,28,,,,,2037.5,0.0
1,79600,KELP,2035,25,,,,,2037,3,2038.0,25.0,,,2036.0,0.0
1,79700,KELP,2035,25,,,,,2038,25,,,,,2036.5,0.0
1,79800,KELP,2034,25,,,,,2038,25,,,,,2036.0,0.0
1,79900,KELP,2035,3,2034.0,29.0,,,2038,29,,,,,2036.5,0.0
1,80000,KELP,2034,26,,,,,2035,1,2038.0,26.0,,,2034.5,0.0
1,80100,KELP,2034,22,,,,,2038,22,,,,,2036.0,0.0
1,80200,KELP,2034,22,,,,,2038,22,,,,,2036.0,0.0
1,80300,KELP,2034,21,,,,,2036,6,2038.0,21.0,,,2035.0,0.0
1,80400,KELP,2034,25,,,,,2038,25,,,,,2036.0,0.0
1,80500,KELP,2034,22,,,,,2035,2,2038.0,22.0,,,2034.5,0.0
1,80600,KELP,2034,31,,,,,2036,2,2038.0,31.0,,,2035.0,0.0
1,80700,KELP,2034,24,,,,,2038,24,,,,,2036.0,0.0
1,80800,KELP,2034,24,,,,,2036,6,2038.0,24.0,,,2035.0,0.0
1,80900,KELP,2034,28,,,,,2036,6,2038.0,28.0,,,2035.0,0.0
1,81000,KELP,2034,31,,,,,2038,31,,,,,2036.0,0.0
1,81100,KELP,2034,24,,,,,2038,24,,,,,2036.0,0.0
1,81200,KELP,2034,29,,,,,2037,1,2038.0,28.0,,,2035.5,0.0
1,81300,KELP,2036,1,2034.0,30.0,,,2038,30,,,,,2037.0,0.0
1,81400,KELP,2034,22,,,,,2038,22,,,,,2036.0,0.0
1,81500,KELP,2034,22,,,,,2038,22,,,,,2036.0,0.0
1,81600,KELP,2035,28,,,,,2038,28,,,,,2036.5,0.0
1,81700,KELP,2035,26,,,,,2038,26,,,,,2036.5,0.0
1,81800,KELP,2035,21,,,,,2038,21,,,,,2036.5,0.0
1,81900,KELP,2034,28,,,,,2038,28,,,,,2036.0,0.0
1,82000,KELP,2035,25,,,,,2038,25,,,,,2036.5,0.0
1,82100,KELP,2035,26,,,,,2038,26,,,,,2036.5,0.0
1,82200,KELP,2035,31,,,,,2038,30,,,,,2036.5,0.0
1,82300,KELP,2035,32,,,,,2038,32,,,,,2036.5,0.0
1,82400,KELP,2035,22,,,,,2038,22,,,,,2036.5,0.0
1,82500,KELP,2035,24,,,,,2038,24,,,,,2036.5,0.0
1,82600,KELP,2035,31,,,,,2036,5,2037.0,3.0,2038.0,31.0,2035.5,0.0
1,82700,KELP,2035,32,,,,,2038,30,,,,,2036.5,0.0
1,82800,KELP,2035,21,,,,,2037,1,2038.0,21.0,,,2036.0,0.0
1,82900,KELP,2035,21,,,,,2038,21,,,,,2036.5,0.0
1,83000,KELP,2035,30,,,,,2038,30,,,,,2036.5,0.0
1,83100,KELP,2035,26,,,,,2038,26,,,,,2036.5,0.0
1,83200,KELP,2035,31,,,,,2038,31,,,,,2036.5,0.0
1,83300,KELP,2035,23,,,,,2038,23,,,,,2036.5,0.0
1,83400,KELP,2035,25,,,,,2037,3,2038.0,25.0,,,2036.0,0.0
1,83500,KELP,2037,1,2035.0,30.0,,,2038,30,,,,,2037.5,0.0
1,83600,KELP,2035,24,,,,,2038,24,,,,,2036.5,0.0
1,83700,KELP,2034,27,,,,,2038,27,,,,,2036.0,0.0
1,83800,KELP,2034,22,,,,,2038,22,,,,,2036.0,0.0
1,83900,KELP,2035,1,2034.0,25.0,,,2038,26,,,,,2036.5,0.0
1,84000,KELP,2034,20,,,,,2038,21,,,,,2036.0,0.0
1,84100,KELP,2035,30,,,,,2038,30,,,,,2036.5,0.0
1,84200,KELP,2035,2,2034.0,29.0,,,2038,31,,,,,2036.5,0.0
1,84300,KELP,2035,5,2034.0,20.0,,,2038,20,,,,,2036.5,0.0
1,84400,KELP,2034,28,,,,,2038,28,,,,,2036.0,0.0
1,84500,KELP,2035,5,2034.0,24.0,,,2038,24,,,,,2036.5,0.0
1,84600,KELP,2034,30,,,,,2038,30,,,,,2036.0,0.0
1,84700,KELP,2034,25,,,,,2038,25,,,,,2036.0,0.0
1,84800,KELP,2034,26,,,,,2038,26,,,,,2036.0,0.0
1,84900,KELP,2034,22,,,,,2038,22,,,,,2036.0,0.0
1,85000,KELP,2034,24,,,,,2036,3,2038.0,24.0,,,2035.0,0.0
1,85100,KELP,2034,31,,,,,2037,1,2038.0,30.0,,,2035.5,0.0
1,85200,KELP,2035,4,2034.0,21.0,,,2038,21,,,,,2036.5,0.0
1,85300,KELP,2034,30,,,,,2038,30,,,,,2036.0,0.0
1,85400,KELP,2035,1,2034.0,21.0,,,2038,22,,,,,2036.5,0.0
1,85500,KELP,2035,21,,,,,2037,5,2038.0,21.0,,,2036.0,0.0
1,85600,KELP,2035,29,,,,,2038,29,,,,,2036.5,0.0
1,85700,KELP,2035,28,,,,,2038,28,,,,,2036.5,0.0
1,85800,KELP,2034,25,,,,,2035,2,2038.0,25.0,,,2034.5,0.0
1,85900,KELP,2035,1,2034.0,22.0,,,2038,23,,,,,2036.5,0.0
1,86000,KELP,2036,4,2035.0,1.0,2034.0,22.0,2038,22,,,,,2037.0,0.0
1,86100,KELP,2035,2,2034.0,26.0,,,2038,28,,,,,2036.5,0.0
1,86200,KELP,2034,27,,,,,2038,28,,,,,2036.0,0.0
1,86300,KELP,2035,7,2034.0,30.0,,,2038,32,,,,,2036.5,0.0
1,86400,KELP,2035,2,2034.0,23.0,,,2038,25,,,,,2036.5,0.0
1,86500,KELP,2035,27,,,,,2038,21,,,,,2036.5,0.0
1,86600,KELP,2035,29,,,,,2038,30,,,,,2036.5,0.0
1,86700,KELP,2036,3,2035.0,28.0,,,2038,28,,,,,2037.0,0.0
1,86800,KELP,2034,30,,,,,2038,30,,,,,2036.0,0.0
1,86900,KELP,2034,28,,,,,2036,1,2038.0,28.0,,,2035.0,0.0
1,87000,KELP,2034,27,,,,,2038,27,,,,,2036.0,0.0
1,87100,KELP,2034,27,,,,,2038,27,,,,,2036.0,0.0
1,87200,KELP,2034,23,,,,,2038,23,,,,,2036.0,0.0
1,87300,KELP,2034,29,,,,,2038,29,,,,,2036.0,0.0
1,87400,KELP,2034,29,,,,,2038,30,,,,,2036.0,0.0
1,87500,KELP,2034,22,,,,,2038,22,,,,,2036.0,0.0
1,87600,KELP,2036,1,2035.0,4.0,2034.0,31.0,2038,31,,,,,2037.0,0.0
1,87700,KELP,2034,25,,,,,2038,25,,,,,2036.0,0.0
1,87800,KELP,2035,8,2034.0,31.0,,,2037,2,2038.0,29.0,,,2036.0,0.0
1,87900,KELP,2036,1,2034.0,23.0,,,2037,2,2038.0,21.0,,,2036.5,0.0
1,88000,KELP,2034,28,,,,,2038,28,,,,,2036.0,0.0
1,88100,KELP,2034,29,,,,,2038,29,,,,,2036.0,0.0
1,88200,KELP,2034,22,,,,,2037,2,2038.0,20.0,,,2035.5,0.0
1,88300,KELP,2036,10,2035.0,7.0,2034.0,30.0,2037,1,2038.0,29.0,,,2036.5,0.0
1,88400,KELP,2034,24,,,,,2036,2,2037.0,1.0,2038.0,23.0,2035.0,0.0
1,88500,KELP,2034,22,,,,,2038,22,,,,,2036.0,0.0
1,88600,KELP,2034,30,,,,,2035,4,2036.0,2.0,2038.0,30.0,2034.5,0.0
1,88700,KELP,2035,5,2034.0,27.0,,,2037,2,2038.0,25.0,,,2036.0,0.0
1,88800,KELP,2035,2,2034.0,29.0,,,2038,29,,,,,2036.5,0.0
1,88900,KELP,2034,27,,,,,2038,27,,,,,2036.0,0.0
1,89000,KELP,2034,24,,,,,2038,24,,,,,2036.0,0.0
1,89100,KELP,2035,3,2034.0,21.0,,,2038,21,,,,,2036.5,0.0
1,89200,KELP,2034,26,,,,,2036,1,2038.0,26.0,,,2035.0,0.0
1,89300,KELP,2035,3,2034.0,26.0,,,2038,26,,,,,2036.5,0.0
1,89400,KELP,2035,7,2034.0,31.0,,,2038,31,,,,,2036.5,0.0
1,89500,KELP,2034,32,,,,,2038,32,,,,,2036.0,0.0
1,89600,KELP,2034,24,,,,,2038,25,,,,,2036.0,0.0
1,89700,KELP,2034,23,,,,,2038,23,,,,,2036.0,0.0
1,89800,KELP,2037,1,2035.0,8.0,2034.0,27.0,2038,27,,,,,2037.5,0.0
1,89900,KELP,2034,30,,,,,2038,30,,,,,2036.0,0.0
1,90000,KELP,2035,2,2034.0,22.0,,,2038,22,,,,,2036.5,0.0
1,90100,KELP,2034,22,,,,,2036,8,2037.0,1.0,2038.0,21.0,2035.0,0.0
1,90200,KELP,2034,26,,,,,2036,6,2037.0,2.0,2038.0,24.0,2035.0,0.0
1,90300,KELP,2035,3,2034.0,28.0,,,2038,28,,,,,2036.5,0.0
1,90400,KELP,2034,26,,,,,2036,7,2037.0,26.0,,,2035.0,0.0
1,90500,KELP,2035,8,2034.0,28.0,,,2037,1,2038.0,27.0,,,2036.0,0.0
1,90600,KELP,2034,23,,,,,2038,23,,,,,2036.0,0.0
1,90700,KELP,2034,20,,,,,2038,20,,,,,2036.0,0.0
1,90800,KELP,2034,26,,,,,2037,26,,,,,2035.5,0.0
1,90900,KELP,2034,22,,,,,2037,22,,,,,2035.5,0.0
1,91000,KELP,2034,32,,,,,2037,32,,,,,2035.5,0.0
1,91100,KELP,2034,26,,,,,2037,26,,,,,2035.5,0.0
1,91200,KELP,2034,21,,,,,2036,4,2037.0,21.0,,,2035.0,0.0
1,91300,KELP,2034,22,,,,,2036,7,2037.0,22.0,,,2035.0,0.0
1,91400,KELP,2034,26,,,,,2037,26,,,,,2035.5,0.0
1,91500,KELP,2034,29,,,,,2037,27,,,,,2035.5,0.0
1,91600,KELP,2036,3,2034.0,25.0,,,2037,22,,,,,2036.5,0.0
1,91700,KELP,2034,26,,,,,2038,26,,,,,2036.0,0.0
1,91800,KELP,2035,5,2034.0,21.0,,,2037,1,2038.0,20.0,,,2036.0,0.0
1,91900,KELP,2036,3,2034.0,30.0,,,2037,1,2038.0,29.0,,,2036.5,0.0
1,92000,KELP,2035,6,2034.0,24.0,,,2038,24,,,,,2036.5,0.0
1,92100,KELP,2034,31,,,,,2037,2,2038.0,29.0,,,2035.5,0.0
1,92200,KELP,2034,29,,,,,2038,29,,,,,2036.0,0.0
1,92300,KELP,2034,24,,,,,2037,25,,,,,2035.5,0.0
1,92400,KELP,2034,21,,,,,2037,21,,,,,2035.5,0.0
1,92500,KELP,2034,29,,,,,2037,29,,,,,2035.5,0.0
1,92600,KELP,2034,26,,,,,2038,27,,,,,2036.0,0.0
1,92700,KELP,2034,27,,,,,2036,7,2038.0,27.0,,,2035.0,0.0
1,92800,KELP,2034,30,,,,,2038,30,,,,,2036.0,0.0
1,92900,KELP,2035,2,2034.0,30.0,,,2038,30,,,,,2036.5,0.0
1,93000,KELP,2034,23,,,,,2038,23,,,,,2036.0,0.0
1,93100,KELP,2034,27,,,,,2036,2,2038.0,27.0,,,2035.0,0.0
1,93200,KELP,2034,23,,,,,2038,23,,,,,2036.0,0.0
1,93300,KELP,2034,23,,,,,2036,7,2038.0,23.0,,,2035.0,0.0
1,93400,KELP,2034,23,,,,,2038,23,,,,,2036.0,0.0
1,93500,KELP,2036,5,2034.0,29.0,,,2038,29,,,,,2037.0,0.0
1,93600,KELP,2034,29,,,,,2038,29,,,,,2036.0,0.0
1,93700,KELP,2035,1,2034.0,29.0,,,2038,30,,,,,2036.5,0.0
1,93800,KELP,2035,1,2034.0,20.0,,,2036,6,2038.0,21.0,,,2035.5,0.0
1,93900,KELP,2034,29,,,,,2038,29,,,,,2036.0,0.0
1,94000,KELP,2035,8,2034.0,22.0,,,2038,22,,,,,2036.5,0.0
1,94100,KELP,2035,31,,,,,2038,31,,,,,2036.5,0.0
1,94200,KELP,2034,28,,,,,2037,3,2038.0,28.0,,,2035.5,0.0
1,94300,KELP,2035,31,,,,,2038,31,,,,,2036.5,0.0
1,94400,KELP,2035,1,2034.0,22.0,,,2038,23,,,,,2036.5,0.0
1,94500,KELP,2034,21,,,,,2038,21,,,,,2036.0,0.0
1,94600,KELP,2035,2,2034.0,28.0,,,2038,28,,,,,2036.5,0.0
1,94700,KELP,2036,1,2034.0,21.0,,,2037,1,2038.0,20.0,,,2036.5,0.0
1,94800,KELP,2034,23,,,,,2037,23,,,,,2035.5,0.0
1,94900,KELP,2034,28,,,,,2037,28,,,,,2035.5,0.0
1,95000,KELP,2034,36,,,,,2037,30,,,,,2035.5,0.0
1,95100,KELP,2036,1,2034.0,22.0,,,2037,22,,,,,2036.5,0.0
1,95200,KELP,2034,29,,,,,2038,29,,,,,2036.0,0.0
1,95300,KELP,2034,26,,,,,2036,4,2038.0,26.0,,,2035.0,0.0
1,95400,KELP,2034,30,,,,,2036,1,2037.0,2.0,2038.0,28.0,2035.0,0.0
1,95500,KELP,2034,21,,,,,2036,3,2038.0,21.0,,,2035.0,0.0
1,95600,KELP,2034,21,,,,,2038,21,,,,,2036.0,0.0
1,95700,KELP,2034,29,,,,,2037,29,,,,,2035.5,0.0
1,95800,KELP,2034,21,,,,,2037,22,,,,,2035.5,0.0
1,95900,KELP,2036,1,2034.0,25.0,,,2037,24,,,,,2036.5,0.0
1,96000,KELP,2036,1,2034.0,21.0,,,2037,21,,,,,2036.5,0.0
1,96100,KELP,2034,26,,,,,2037,27,,,,,2035.5,0.0
1,96200,KELP,2035,1,2034.0,20.0,,,2038,21,,,,,2036.5,0.0
1,96300,KELP,2034,23,,,,,2038,23,,,,,2036.0,0.0
1,96400,KELP,2034,34,,,,,2037,27,,,,,2035.5,0.0
1,96500,KELP,2035,6,2034.0,27.0,,,2038,27,,,,,2036.5,0.0
1,96600,KELP,2036,3,2034.0,25.0,,,2038,25,,,,,2037.0,0.0
1,96700,KELP,2034,32,,,,,2036,2,2038.0,32.0,,,2035.0,0.0
1,96800,KELP,2035,4,2034.0,30.0,,,2038,30,,,,,2036.5,0.0
1,96900,KELP,2034,23,,,,,2038,23,,,,,2036.0,0.0
1,97000,KELP,2034,25,,,,,2038,25,,,,,2036.0,0.0
1,97100,KELP,2034,29,,,,,2036,8,2038.0,29.0,,,2035.0,0.0
1,97200,KELP,2034,20,,,,,2035,5,2038.0,20.0,,,2034.5,0.0
1,97300,KELP,2037,1,2035.0,6.0,2034.0,21.0,2038,21,,,,,2037.5,0.0
1,97400,KELP,2037,1,2034.0,30.0,,,2038,30,,,,,2037.5,0.0
1,97500,KELP,2034,24,,,,,2038,24,,,,,2036.0,0.0
1,97600,KELP,2035,6,2034.0,27.0,,,2036,2,2038.0,27.0,,,2035.5,0.0
1,97700,KELP,2034,29,,,,,2038,29,,,,,2036.0,0.0
1,97800,KELP,2034,28,,,,,2036,7,2038.0,28.0,,,2035.0,0.0
1,97900,KELP,2034,23,,,,,2038,23,,,,,2036.0,0.0
1,98000,KELP,2034,27,,,,,2038,27,,,,,2036.0,0.0
1,98100,KELP,2034,29,,,,,2036,3,2038.0,30.0,,,2035.0,0.0
1,98200,KELP,2034,29,,,,,2038,29,,,,,2036.0,0.0
1,98300,KELP,2034,21,,,,,2035,3,2038.0,21.0,,,2034.5,0.0
1,98400,KELP,2034,28,,,,,2038,28,,,,,2036.0,0.0
1,98500,KELP,2034,32,,,,,2038,32,,,,,2036.0,0.0
1,98600,KELP,2034,24,,,,,2038,24,,,,,2036.0,0.0
1,98700,KELP,2034,26,,,,,2038,26,,,,,2036.0,0.0
1,98800,KELP,2034,25,,,,,2038,25,,,,,2036.0,0.0
1,98900,KELP,2035,4,2034.0,25.0,,,2038,25,,,,,2036.5,0.0
1,99000,KELP,2035,1,2034.0,27.0,,,2038,28,,,,,2036.5,0.0
1,99100,KELP,2034,22,,,,,2038,22,,,,,2036.0,0.0
1,99200,KELP,2034,26,,,,,2038,26,,,,,2036.0,0.0
1,99300,KELP,2037,1,2035.0,2.0,2034.0,21.0,2038,23,,,,,2037.5,0.0
1,99400,KELP,2035,30,,,,,2038,30,,,,,2036.5,0.0
1,99500,KELP,2034,20,,,,,2038,20,,,,,2036.0,0.0
1,99600,KELP,2034,28,,,,,2038,28,,,,,2036.0,0.0
1,99700,KELP,2034,26,,,,,2038,26,,,,,2036.0,0.0
1,99800,KELP,2034,26,,,,,2038,26,,,,,2036.0,0.0
1,99900,KELP,2034,27,,,,,2038,28,,,,,2036.0,0.0
